type,href,name,date
中国传统节日,http://baike.baidu.com/view/3116.htm,元旦,01/01
公众 / 国际节日,http://baike.baidu.com/view/63255.htm,黑人日,01/04
24节气,http://baike.baidu.com/subview/25902/5797898.htm,小寒,01/05
24节气,http://baike.baidu.com/view/25921.htm,大寒,01/20
公众 / 国际节日,http://baike.baidu.com/view/3108.htm,国际麻风节,01/25
中国传统节日,http://baike.baidu.com/view/22439.htm,腊八节,腊月初八
公众 / 国际节日,http://baike.baidu.com/view/22240.htm,世界湿地日,02/02
24节气,http://baike.baidu.com/view/25702.htm,立春,02/04
公众 / 国际节日,http://baike.baidu.com/view/59186.htm,国际声援南非日,02/07
公众 / 国际节日,http://baike.baidu.com/view/59198.htm,国际气象节,02/10
中国传统节日,http://baike.baidu.com/subview/15128/11122908.htm,小年,腊月廿三
公众 / 国际节日,http://baike.baidu.com/view/2533.htm,情人节,02/14
中国传统节日,http://baike.baidu.com/view/2562.htm,除夕,腊月三十
中国传统节日,http://baike.baidu.com/view/3108.htm,春节,正月初一
24节气,http://baike.baidu.com/view/10790.htm,雨水,02/19
公众 / 国际节日,http://baike.baidu.com/view/1273832.htm,第三世界青年日,02/24
公众 / 国际节日,http://baike.baidu.com/view/851778.htm,世界居住条件调查日,02/28
公众 / 国际节日,http://baike.baidu.com/view/182669.htm,国际海豹日,03/01
公众 / 国际节日,http://baike.baidu.com/view/63268.htm,全国爱耳日,03/03
中国传统节日,http://baike.baidu.com/view/1949.htm,元宵节,正月十五
公众 / 国际节日,http://baike.baidu.com/view/165596.htm,学雷锋日,03/05
24节气,http://baike.baidu.com/subview/21801/5837879.htm,惊蛰,03/06
公众 / 国际节日,http://baike.baidu.com/view/328605.htm,三八妇女节,03/08
公众 / 国际节日,http://baike.baidu.com/view/21813.htm,植树节,03/12
公众 / 国际节日,http://baike.baidu.com/view/9083.htm,白色情人节,03/14
公众 / 国际节日,http://baike.baidu.com/view/807967.htm,消费者权益日,03/15
公众 / 国际节日,http://baike.baidu.com/view/844278.htm,国际航海日,03/17
公众 / 国际节日,http://baike.baidu.com/view/3391343.htm,世界无肉日,03/20
24节气,http://baike.baidu.com/view/94034.htm,春分,03/21
24节气,http://baike.baidu.com/subview/26664/8839700.htm,龙抬头,03/21
公众 / 国际节日,http://baike.baidu.com/view/21357.htm,世界睡眠日,03/21
公众 / 国际节日,http://baike.baidu.com/view/21371.htm,世界水日,03/22
公众 / 国际节日,http://baike.baidu.com/view/25437.htm,世界气象日,03/23
公众 / 国际节日,http://baike.baidu.com/view/1710.htm,愚人节,04/01
公众 / 国际节日,http://baike.baidu.com/view/537990.htm,国际儿童图书日,04/02
中国传统节日,http://baike.baidu.com/view/318.htm,寒食节,四月初四
中国传统节日,http://baike.baidu.com/view/3148.htm,清明节,04/05
公众 / 国际节日,http://baike.baidu.com/view/1462.htm,复活节,04/05
公众 / 国际节日,http://baike.baidu.com/view/22478.htm,世界卫生日,04/07
公众 / 国际节日,http://baike.baidu.com/view/21386.htm,世界帕金森病日,04/11
24节气,http://baike.baidu.com/subview/11235/5615203.htm,谷雨,04/20
公众 / 国际节日,http://baike.baidu.com/view/2183.htm,世界地球日,04/22
公众 / 国际节日,http://baike.baidu.com/view/23287.htm,世界读书日,04/23
公众 / 国际节日,http://baike.baidu.com/view/2186.htm,知识产权日,04/26
公众 / 国际节日,http://baike.baidu.com/view/36429.htm,全国交通安全反思日,04/26
公众 / 国际节日,http://baike.baidu.com/view/27462.htm,世界儿童日,04/26
公众 / 国际节日,http://baike.baidu.com/view/44253.htm,国际劳动节,05/01
公众 / 国际节日,http://baike.baidu.com/view/27635.htm,五四青年节,05/04
24节气,http://baike.baidu.com/subview/25743/5723127.htm,立夏,05/06
中国传统节日,http://baike.baidu.com/view/240801.htm,佛诞日,四月初八
公众 / 国际节日,http://baike.baidu.com/view/26823.htm,世界红十字日,05/08
公众 / 国际节日,http://baike.baidu.com/view/100604.htm,世界微笑日,05/08
公众 / 国际节日,http://baike.baidu.com/view/2516.htm,母亲节,05/10
公众 / 国际节日,http://baike.baidu.com/view/25735.htm,国际护士节,05/12
公众 / 国际节日,http://baike.baidu.com/view/62008.htm,国际家庭日,05/15
公众 / 国际节日,http://baike.baidu.com/view/23216.htm,世界电信日,05/17
公众 / 国际节日,http://baike.baidu.com/view/21415.htm,全国助残日,05/17
公众 / 国际节日,http://baike.baidu.com/view/37249.htm,国际博物馆日,05/18
24节气,http://baike.baidu.com/subview/25760/8379312.htm,小满,05/21
公众 / 国际节日,http://baike.baidu.com/view/2340194.htm,五卅运动纪念,05/30
公众 / 国际节日,http://baike.baidu.com/view/22249.htm,世界无烟日,05/31
公众 / 国际节日,http://baike.baidu.com/view/16194.htm,六一儿童节,06/01
公众 / 国际节日,http://baike.baidu.com/view/22254.htm,世界环境日,06/05
24节气,http://baike.baidu.com/view/25774.htm,芒种,06/06
公众 / 国际节日,http://baike.baidu.com/view/21347.htm,全国爱眼日,06/06
公众 / 国际节日,http://baike.baidu.com/view/58964.htm,中国人口日,06/11
公众 / 国际节日,http://baike.baidu.com/view/294658.htm,世界难民日,06/20
中国传统节日,http://baike.baidu.com/view/2567.htm,端午节,五月初五
公众 / 国际节日,http://baike.baidu.com/view/8463.htm,父亲节,06/21
24节气,http://baike.baidu.com/subview/25782/6029524.htm,夏至,06/22
公众 / 国际节日,http://baike.baidu.com/view/2340240.htm,中国儿童慈善活动日,06/22
公众 / 国际节日,http://baike.baidu.com/view/37371.htm,国际奥林匹克日,06/23
公众 / 国际节日,http://baike.baidu.com/view/37338.htm,全国土地日,06/25
公众 / 国际节日,http://baike.baidu.com/view/106800.htm,国际禁毒日,06/26
公众 / 国际节日,http://baike.baidu.com/view/890704.htm,世界青年联欢节,06/30
公众 / 国际节日,http://baike.baidu.com/view/160972.html,中国共产党诞生日,07/01
公众 / 国际节日,http://baike.baidu.com/view/58870.htm,香港回归日,07/01
公众 / 国际节日,http://baike.baidu.com/view/160976.htm,国际体育记者日,07/02
公众 / 国际节日,http://baike.baidu.com/view/3926171.htm,国际接吻日,07/06
公众 / 国际节日,http://baike.baidu.com/view/80378.htm,抗日战争胜利纪念日,07/07
24节气,http://baike.baidu.com/view/25793.htm,小暑,07/07
公众 / 国际节日,http://baike.baidu.com/view/23435.htm,世界人口日,07/11
24节气,http://baike.baidu.com/subview/28060/5870595.htm,大暑,07/23
公众 / 国际节日,http://baike.baidu.com/view/160993.htm,非洲妇女日,07/30
公众 / 国际节日,http://baike.baidu.com/view/27204.htm,八一建军节,08/01
公众 / 国际节日,http://baike.baidu.com/view/923018.htm,国际电影节,08/06
24节气,http://baike.baidu.com/subview/25806/5840588.htm,立秋,08/08
公众 / 国际节日,http://baike.baidu.com/view/1387589.htm,日本投降日,08/15
中国传统节日,http://baike.baidu.com/view/8489.htm,七夕节,七月初七
24节气,http://baike.baidu.com/view/25819.htm,处暑,08/23
中国传统节日,http://baike.baidu.com/view/57902.htm,中元节,七月十五
公众 / 国际节日,http://baike.baidu.com/view/165610.htm,抗日胜利纪念日,09/03
24节气,http://www.baike.com/wiki/%E7%99%BD%E9%9C%B2,白露,09/08
公众 / 国际节日,http://baike.baidu.com/view/62062.htm,国际扫盲日,09/08
公众 / 国际节日,http://baike.baidu.com/view/25833.htm,教师节,09/10
公众 / 国际节日,http://baike.baidu.com/view/62054.htm,世界清洁地球日,09/12
公众 / 国际节日,http://baike.baidu.com/view/22443.htm,国际臭氧层保护日,09/12
公众 / 国际节日,http://baike.baidu.com/view/27269.htm,国际和平日,09/16
公众 / 国际节日,http://baike.baidu.com/view/62054.htm,"""九一八""事变纪念日",09/18
公众 / 国际节日,http://baike.baidu.com/view/147917.htm,国际爱牙日,09/20
公众 / 国际节日,http://baike.baidu.com/view/489563.htm,世界无车日,09/22
24节气,http://baike.baidu.com/subview/11114/5833491.htm?fr=aladdin,秋分,09/23
中国传统节日,http://baike.baidu.com/view/2568.htm,中秋节,八月十五
公众 / 国际节日,http://baike.baidu.com/view/59496.htm,世界旅游日,09/27
公众 / 国际节日,http://baike.baidu.com/view/62032.htm,国际聋人节,09/28
公众 / 国际节日,http://baike.baidu.com/view/14446.htm,国庆节,10/01
公众 / 国际节日,http://baike.baidu.com/view/59207.htm,世界动物日,10/04
24节气,http://baike.baidu.com/view/25838.htm,寒露,10/08
公众 / 国际节日,http://baike.baidu.com/view/26600.htm,世界邮政日,10/09
公众 / 国际节日,http://baike.baidu.com/view/59004.htm,辛亥革命纪念日,10/10
公众 / 国际节日,http://baike.baidu.com/view/1917206.htm,中国少年先锋队诞辰日,10/13
公众 / 国际节日,http://baike.baidu.com/view/158147.htm,世界标准日,10/14
公众 / 国际节日,http://baike.baidu.com/view/21456.htm,国际盲人节,10/15
公众 / 国际节日,http://baike.baidu.com/view/124252.htm,世界粮食日,10/16
公众 / 国际节日,http://baike.baidu.com/view/101733.htm?fromId=165572,国际消除贫困日,10/17
中国传统节日,http://baike.baidu.com/view/2572.htm,重阳节,九月初九
公众 / 国际节日,http://baike.baidu.com/view/124255.htm,世界传统医药日,10/22
24节气,http://baike.baidu.com/subview/25848/5833534.htm,霜降,10/24
公众 / 国际节日,http://baike.baidu.com/view/59045.htm,联合国日,10/22
公众 / 国际节日,http://baike.baidu.com/view/522014.htm,世界勤俭日,10/31
公众 / 国际节日,http://baike.baidu.com/view/2532.htm,万圣节,10/31
24节气,http://baike.baidu.com/view/25856.htm,立冬,11/08
公众 / 国际节日,http://baike.baidu.com/view/45983.htm,中国记者日,11/08
公众 / 国际节日,http://baike.baidu.com/view/165356.htm,世界青年节,11/10
公众 / 国际节日,http://baike.baidu.com/view/23105.htm,光棍节,11/11
公众 / 国际节日,http://baike.baidu.com/view/22284.htm,世界糖尿病日,11/14
公众 / 国际节日,http://baike.baidu.com/view/165576.htm,国际大学生节,11/17
公众 / 国际节日,http://baike.baidu.com/view/59256.htm,世界问候日,11/21
24节气,http://baike.baidu.com/subview/25867/7072847.htm,小雪,11/22
公众 / 国际节日,http://baike.baidu.com/view/2525.htm,感恩节,11/26
公众 / 国际节日,http://baike.baidu.com/view/28884.htm,世界艾滋病日,12/01
公众 / 国际节日,http://baike.baidu.com/view/155500.htm,国际残疾人日,12/03
24节气,http://baike.baidu.com/subview/25884/6061367.htm?fr=aladdin,大雪,12/07
公众 / 国际节日,http://baike.baidu.com/view/59061.htm,"""一二九""运动纪念日",12/09
公众 / 国际节日,http://baike.baidu.com/view/31273.htm,世界足球日,12/09
公众 / 国际节日,http://baike.baidu.com/view/59173.htm,世界人权日,12/10
公众 / 国际节日,http://baike.baidu.com/view/961033.htm,西安事变纪念日,12/12
公众 / 国际节日,http://baike.baidu.com/view/22274.htm,南京大屠杀,12/13
公众 / 国际节日,http://baike.baidu.com/view/80418.htm,澳门回归日,12/20
公众 / 国际节日,http://baike.baidu.com/view/22264.htm,国际篮球日,12/21
24节气,http://baike.baidu.com/view/16674.htm,冬至,12/22
公众 / 国际节日,http://baike.baidu.com/view/28259.htm,平安夜,12/24
公众 / 国际节日,http://baike.baidu.com/view/2547.htm,圣诞节,12/25
